Datetime,Water Level (m)
2025-08-24 06:00:00,2.353222
2025-08-24 07:00:00,2.580056
2025-08-24 08:00:00,2.4191349
2025-08-24 09:00:00,1.7949159
2025-08-24 10:00:00,0.8960252
2025-08-24 11:00:00,-0.09531038
2025-08-24 12:00:00,-1.0141014
2025-08-24 13:00:00,-1.692757
2025-08-24 14:00:00,-1.9804169
2025-08-24 15:00:00,-1.2639217
2025-08-24 16:00:00,0.12891337
2025-08-24 17:00:00,1.2865965
2025-08-24 18:00:00,2.1386316
2025-08-24 19:00:00,2.5071082
2025-08-24 20:00:00,2.4233248
2025-08-24 21:00:00,1.9021745
2025-08-24 22:00:00,1.0385184
2025-08-24 23:00:00,0.044884134
2025-08-25 00:00:00,-0.86202663
2025-08-25 01:00:00,-1.5565928
2025-08-25 02:00:00,-1.8552083
2025-08-25 03:00:00,-1.2763811
2025-08-25 04:00:00,0.028928045
2025-08-25 05:00:00,1.2179956
2025-08-25 06:00:00,2.1859205
2025-08-25 07:00:00,2.6961067
2025-08-25 08:00:00,2.7314074
2025-08-25 09:00:00,2.2828174
2025-08-25 10:00:00,1.4398305
2025-08-25 11:00:00,0.4087508
2025-08-25 12:00:00,-0.5827734
2025-08-25 13:00:00,-1.3969426
2025-08-25 14:00:00,-1.8762312
2025-08-25 15:00:00,-1.7086451
2025-08-25 16:00:00,-0.41520807
2025-08-25 17:00:00,0.7717669
2025-08-25 18:00:00,1.8119457
2025-08-25 19:00:00,2.4028428
2025-08-25 20:00:00,2.5657728
2025-08-25 21:00:00,2.2950685
2025-08-25 22:00:00,1.545246
2025-08-25 23:00:00,0.6031199
2025-08-26 00:00:00,-0.36769506
2025-08-26 01:00:00,-1.173632
2025-08-26 02:00:00,-1.7466292
2025-08-26 03:00:00,-1.7300369
2025-08-26 04:00:00,-0.60694426
2025-08-26 05:00:00,0.6178733
2025-08-26 06:00:00,1.7253548
2025-08-26 07:00:00,2.422114
2025-08-26 08:00:00,2.6794064
2025-08-26 09:00:00,2.496225
2025-08-26 10:00:00,1.8328142
2025-08-26 11:00:00,0.939372
2025-08-26 12:00:00,-0.03899517
2025-08-26 13:00:00,-0.9159639
2025-08-26 14:00:00,-1.5449706
2025-08-26 15:00:00,-1.7489787
2025-08-26 16:00:00,-1.0724022
2025-08-26 17:00:00,0.18460073
2025-08-26 18:00:00,1.3196281
2025-08-26 19:00:00,2.161113
2025-08-26 20:00:00,2.554965
2025-08-26 21:00:00,2.485325
2025-08-26 22:00:00,1.9608243
2025-08-26 23:00:00,1.1273131
2025-08-27 00:00:00,0.1685697
2025-08-27 01:00:00,-0.72819525
2025-08-27 02:00:00,-1.4045985
2025-08-27 03:00:00,-1.7030745
2025-08-27 04:00:00,-1.2079393
2025-08-27 05:00:00,0.022316787
2025-08-27 06:00:00,1.1251122
2025-08-27 07:00:00,2.0092044
2025-08-27 08:00:00,2.4768932
2025-08-27 09:00:00,2.5093787
2025-08-27 10:00:00,2.1012611
2025-08-27 11:00:00,1.3209871
2025-08-27 12:00:00,0.3730247
2025-08-27 13:00:00,-0.5533135
2025-08-27 14:00:00,-1.2968214
2025-08-27 15:00:00,-1.6988508
2025-08-27 16:00:00,-1.4427496
2025-08-27 17:00:00,-0.28644097
2025-08-27 18:00:00,0.7898224
2025-08-27 19:00:00,1.7390773
2025-08-27 20:00:00,2.303063
2025-08-27 21:00:00,2.464199
2025-08-27 22:00:00,2.2145145
2025-08-27 23:00:00,1.5331302
2025-08-28 00:00:00,0.6692327
2025-08-28 01:00:00,-0.21587273
2025-08-28 02:00:00,-0.9703073
2025-08-28 03:00:00,-1.4429216
2025-08-28 04:00:00,-1.3895596
2025-08-28 05:00:00,-0.46244502
2025-08-28 06:00:00,0.5943501
2025-08-28 07:00:00,1.547829
2025-08-28 08:00:00,2.1644652
2025-08-28 09:00:00,2.3911881
2025-08-28 10:00:00,2.2229033
2025-08-28 11:00:00,1.6109908
2025-08-28 12:00:00,0.7865502
2025-08-28 13:00:00,-0.09477241
2025-08-28 14:00:00,-0.88646513
2025-08-28 15:00:00,-1.4097414
2025-08-28 16:00:00,-1.4820704
2025-08-28 17:00:00,-0.75863534
2025-08-28 18:00:00,0.29449674
2025-08-28 19:00:00,1.2638507
2025-08-28 20:00:00,1.9692601
2025-08-28 21:00:00,2.3349571
2025-08-28 22:00:00,2.3245833
2025-08-28 23:00:00,1.8817143
2025-08-29 00:00:00,1.168157
2025-08-29 01:00:00,0.3264809
2025-08-29 02:00:00,-0.44510517
2025-08-29 03:00:00,-1.0366225
2025-08-29 04:00:00,-1.2357317
2025-08-29 05:00:00,-0.83529097
2025-08-29 06:00:00,0.11082861
2025-08-29 07:00:00,1.002273
2025-08-29 08:00:00,1.7107037
2025-08-29 09:00:00,2.1024897
2025-08-29 10:00:00,2.1585612
2025-08-29 11:00:00,1.826271
2025-08-29 12:00:00,1.1604681
2025-08-29 13:00:00,0.3360663
2025-08-29 14:00:00,-0.436503
2025-08-29 15:00:00,-1.0583733
2025-08-29 16:00:00,-1.3493712
2025-08-29 17:00:00,-1.1230556
2025-08-29 18:00:00,-0.2763582
2025-08-29 19:00:00,0.6234368
2025-08-29 20:00:00,1.4138993
2025-08-29 21:00:00,1.9371306
2025-08-29 22:00:00,2.148426
2025-08-29 23:00:00,2.0193944
2025-08-30 00:00:00,1.5238618
2025-08-30 01:00:00,0.83512074
2025-08-30 02:00:00,0.09856354
2025-08-30 03:00:00,-0.5199486
2025-08-30 04:00:00,-0.89519244
2025-08-30 05:00:00,-0.9156626
2025-08-30 06:00:00,-0.41107935
